{
  "project_info": {
    "project_number": "429328583108",
    "firebase_url": "https://smart-farm-iot-7a9f1-default-rtdb.asia-southeast1.firebasedatabase.app",
    "project_id": "smart-farm-iot-7a9f1",
    "storage_bucket": "smart-farm-iot-7a9f1.appspot.com"
  },
  "client": [
    {
      "client_info": {
        "mobilesdk_app_id": "1:429328583108:android:4ff16d7ea9a5872a17fc91",
        "android_client_info": {
          "package_name": "com.example.smartfarm_iot"
        }
      },
      "oauth_client": [
        {
          "client_id": "429328583108-0eb99jrfi589ge3ahn1v8fgachuepsf0.apps.googleusercontent.com",
          "client_type": 3
        }
      ],
      "api_key": [
        {
          "current_key": "AIzaSyBvwY4nCcPxup3ARHvG9GLjNnKjfGn0c9A"
        }
      ],
      "services": {
        "appinvite_service": {
          "other_platform_oauth_client": [
            {
              "client_id": "429328583108-0eb99jrfi589ge3ahn1v8fgachuepsf0.apps.googleusercontent.com",
              "client_type": 3
            }
          ]
        }
      }
    }
  ],
  "configuration_version": "1"
}